# id	source url (archive.org)
mulla_makkah	https://archive.org/download/adan-madeenah-nu3man/adan-mullah-al7aram-1414.mp3
farooq_makkah	https://archive.org/download/adan-madeenah-nu3man/makkah-farooq.mp3
fajr_makkah	https://archive.org/download/adhan-mp3-collection/adhan-fajr-al-haram-al-maki.mp3
nooman_madinah	https://archive.org/download/adan-madeenah-nu3man/adan-madeenah-nu3man.mp3
madinah2	https://archive.org/download/adhan-mp3-collection/adhan-al-haram-al-madani-al-madinah-1.mp3
fajr_madinah	https://archive.org/download/adhan-mp3-collection/adhan-fajr-al-haram-al-madani.mp3
minshawi	https://archive.org/download/SalatTimesMP3Adhan/Adhans_mp3_files/Adhan/menshawi_rast.mp3
abdulbasit	https://archive.org/download/adhan-mp3-collection/abdulbasit-abdusamad-1-egypt.mp3
fajr_abdulbasit	https://archive.org/download/adhan-mp3-collection/abdulbasit-abdusamad-7-fajr-egypt.mp3
husary	https://archive.org/download/adan-madeenah-nu3man/adan-al7usary.mp3
shuaisha	https://archive.org/download/adhan-mp3-collection/abul-ainain-shuaisha-cairo.mp3
alafasy	https://archive.org/download/AdhanMisharyRashid/Adhan%20Mishary%20Rashid.mp3
fajr_alafasy	https://archive.org/download/SalatTimesMP3Adhan/Adhans_mp3_files/Adhan/afasi_sobh_hejaz.mp3
qatami	https://archive.org/download/SalatTimesMP3Adhan/Adhans_mp3_files/Adhan/naser_qotami2.mp3
aqsa	https://archive.org/download/adhan-mp3-collection/adhan-al-aqsa-jerusalem.mp3
